Intent,Example User Input,Bot Response
greetings,"""Hi""","""Hello! How can I help you with GitHub?"""
greetings,"""Good morning""","""Good morning! What can I assist you with today?"""
greetings,"""Good evening""","""Good evening! Need help with GitHub?"""
greetings,"""Howdy""","""Hey! How can I help you today?"""
greetings,"""Greetings""","""Greetings! What brings you here?"""
greetings,"""Hello""","""Hi there! How can I assist you with GitHub today?"""
greetings,"""Hey""","""Hello! Need help with GitHub commands or issues?"""
greetings,"""Hi""","""Hi! What can I help you with today?"""
greetings,"""Good morning""","""Good morning! How can I assist you?"""
greetings,"""Howdy""","""Hey! What brings you here today?"""
greetings,"""Greetings""","""Greetings! What can I help you with?"""
greetings,"""Hey there""","""Hi there! How‚Äôs it going?"""
greetings,"""Hello bot""","""Hello! How can I assist with your GitHub queries?"""
greetings,"""Hi GitHub bot""","""Hi there! Need help with GitHub?"""
greetings,"""What‚Äôs up?""","""Hey! How can I assist you?"""
greetings,"""Yo!""","""Yo! Need some help?"""
greetings,"""Hey, you""","""Hey! What‚Äôs up?"""
greetings,"""Hi there, bot""","""Hi there! What do you need today?"""
greetings,"""Hello, how are you?""","""I'm just code, but I'm ready to help! What do you need?"""
greetings,"""Hi, can you help me?""","""Of course! What do you need help with?"""
greetings,"""Good day""","""Good day! How can I assist you with GitHub?"""
greetings,"""Hi again!""","""Hello! Welcome back! What do you need today?"""
greetings,"""Hello bot, are you there?""","""Yes, I‚Äôm here! What do you need help with?"""
greetings,"""Hey! Can I ask a question?""","""Of course! What‚Äôs your question?"""
repo_status,"""How many repositories do I have?""","""Check your GitHub profile to see all your repositories."""
repo_status,"""Do I have any public repositories?""","""Your public repos are listed on your GitHub profile."""
repo_status,"""Show me my private repos""","""Your private repositories can be accessed from your dashboard."""
repo_status,"""What repos do I own?""","""You can see the repos you own on your profile page."""
repo_status,"""How do I view all my projects?""","""Check the 'Repositories' tab on your profile."""
repo_status,"""Can you tell me my active repos?""","""I don't have direct access, but they‚Äôre on your GitHub page."""
repo_status,"""Where are my repositories?""","""Your repos are on your profile or GitHub homepage."""
repo_status,"""Do I have any repositories?""","""You can check your GitHub account to see your repositories."""
repo_status,"""List all my GitHub repositories""","""All your repositories should be listed on your profile."""
repo_status,"""How can I see my repos?""","""Go to your GitHub profile and click on 'Repositories'."""
repo_status,"""Where do I find my GitHub projects?""","""Your projects are under the 'Repositories' tab."""
repo_status,"""Do I own any open-source repos?""","""Any open-source repos you created are listed on your profile."""
repo_status,"""Are my repos public or private?""","""Check your repo settings to see if they‚Äôre public or private."""
repo_status,"""How many forks do I have?""","""Check your repositories for the fork count."""
repo_status,"""Can you see my projects?""","""I can‚Äôt see them directly, but you can view them on your profile."""
repo_status,"""Do I have any collaborative projects?""","""Collaborative repos are listed under your profile collaborations."""
repo_status,"""Where is my repository list?""","""It‚Äôs on your GitHub profile under 'Repositories'."""
repo_status,"""Can I see my starred repos?""","""Yes, they‚Äôre listed in the 'Stars' section on your profile."""
repo_status,"""How do I find my open repositories?""","""Go to your profile and check the 'Repositories' tab."""
create_repo,"""How do I create a new repo?""","""Go to GitHub, click 'New', and follow the steps."""
create_repo,"""Start a new repository""","""Click 'New Repository' on your GitHub dashboard."""
create_repo,"""Make a project on GitHub""","""Click 'New' and name your project to create a repository."""
create_repo,"""How do I set up a repository?""","""Click 'New Repository' and fill in the details."""
create_repo,"""Create a GitHub repository""","""Go to your GitHub dashboard and click 'New'."""
create_repo,"""I need to make a new repo""","""Click 'New' and set up your repository."""
create_repo,"""How can I start a new project on GitHub?""","""Use the 'New Repository' option on your dashboard."""
create_repo,"""Where do I create repositories?""","""On your GitHub homepage, click 'New' to get started."""
create_repo,"""Can I create multiple repositories?""","""Yes, you can create as many repositories as you need."""
create_repo,"""What are the steps to make a new repo?""","""Click 'New Repository', name it, and hit 'Create'."""
create_repo,"""How do I make a private repository?""","""Select 'Private' when creating your new repository."""
create_repo,"""Can I switch a public repo to private?""","""Yes, you can change it in the repository settings."""
create_repo,"""How do I name a new repo?""","""Choose a descriptive name when setting it up."""
create_repo,"""What‚Äôs the difference between a repo and a project?""","""A project can manage tasks, while a repo holds code."""
create_repo,"""Can I clone a new repo from a template?""","""Yes, GitHub lets you create repositories from templates."""
create_repo,"""Do I need a README file?""","""It‚Äôs recommended to include a README to describe your repo."""
create_repo,"""How do I initialize a new repo with git?""","""Use: git init in your local directory."""
create_repo,"""What‚Äôs the first step to creating a repo?""","""Click 'New' on GitHub to start your repository."""
create_repo,"""Do I need a license for my new repo?""","""Adding a license is optional but recommended."""
fork_repo,"""How do I fork a repo?""","""Click 'Fork' on the repository you want to copy."""
fork_repo,"""Can I fork this project?""","""Yes, just hit 'Fork' on the repo page."""
fork_repo,"""What does it mean to fork a repo?""","""Forking makes a copy of a repo to your account."""
fork_repo,"""Where do I find the forked repos?""","""They appear under your repositories."""
fork_repo,"""How do I delete a fork?""","""Go to the repo settings and delete it."""
fork_repo,"""Can I make changes to a fork?""","""Yes, changes won't affect the original unless you open a pull request."""
fork_repo,"""Do forks sync with the original?""","""No, you must manually pull changes from the original."""
fork_repo,"""Can I fork a private repo?""","""Only if you have permission."""
fork_repo,"""How do I update my fork?""","""Fetch updates from the original repo and merge them."""
fork_repo,"""Can I fork a repo multiple times?""","""You can only fork once, but you can delete and re-fork."""
pull_request,"""How do I submit a pull request?""","""Push your changes, then click 'New Pull Request' on the repo."""
pull_request,"""What is a pull request?""","""A pull request lets the repo owner review your changes."""
pull_request,"""Can I close a pull request?""","""Yes, you can close it if it‚Äôs no longer needed."""
pull_request,"""How do I edit a pull request?""","""You can update your branch and it will reflect in the request."""
pull_request,"""Can I assign someone to review my pull request?""","""Yes, just select a reviewer when creating the request."""
pull_request,"""How do I merge a pull request?""","""Click 'Merge' after reviewing the changes."""
pull_request,"""What happens when I merge a pull request?""","""The changes are incorporated into the target branch."""
pull_request,"""How do I reject a pull request?""","""You can close it without merging."""
pull_request,"""Can I submit multiple pull requests?""","""Yes, you can submit as many as needed."""
pull_request,"""Can you explain a pull request?""","""A pull request lets you notify the repository owner about your changes."""
pull_request,"""How to make a pull request?""","""After pushing changes, go to the repo, click Pull Requests, and follow the instructions."""
pull_request,"""Can I delete a pull request?""","""Yes, you can close it if it's no longer needed."""
pull_request,"""Where do I see open pull requests?""","""Go to the 'Pull Requests' tab in the repository."""
issue_creation,"""How do I create a new issue?""","""Click 'New Issue' and fill out the details."""
issue_creation,"""Can I assign an issue to someone?""","""Yes, just add them under 'Assignees'."""
issue_creation,"""How do I close an issue?""","""Click 'Close Issue' when it‚Äôs resolved."""
issue_creation,"""Can I reopen a closed issue?""","""Yes, just click 'Reopen Issue'."""
issue_creation,"""How do I label an issue?""","""Add labels in the 'Labels' section of the issue."""
issue_creation,"""Can I link issues to pull requests?""","""Yes, reference the issue number in the PR description."""
issue_creation,"""How do I track issue progress?""","""Use GitHub Projects or add milestones."""
issue_creation,"""What is an issue in GitHub?""","""Issues are used to track tasks, enhancements, or bugs."""
issue_creation,"""Where can I see all my issues?""","""Check the 'Issues' tab in the repository."""
issue_creation,"""Report a bug in my repo""","""Create a new issue in your repository and describe the bug."""
issue_creation,"""Can I assign an issue to someone?""","""Yes, just select their name when creating or editing the issue."""
issue_creation,"""How do I close an issue?""","""Mark it as closed or fixed when the issue is resolved."""
issue_creation,"""Can I prioritize issues?""","""Yes, use labels or milestones to prioritize them."""
git_push,"""How do I push my changes?""","""Use git push origin <branch> to upload your changes."""
git_push,"""What is the push command?""","""git push uploads your commits to a remote repository."""
git_push,"""How do I push to a specific branch?""","""Use git push origin <branch-name>."""
git_push,"""What happens if I push to the wrong branch?""","""You can delete or reset the push and redo it on the correct branch."""
git_push,"""Can I push without a commit?""","""No, you need to commit changes before pushing."""
git_push,"""How do I force push changes?""","""Use git push --force with caution to overwrite changes."""
git_push,"""What is a push error?""","""It happens when your local branch is behind the remote branch."""
git_push,"""Can I push multiple branches?""","""Yes, push them one by one or use a wildcard."""
git_push,"""Why is my push being rejected?""","""It could be due to conflicts or lack of permissions."""
git_push,"""How do I see what I pushed?""","""Check your GitHub repository's commit history."""
git_push,"""How do I push changes to GitHub?""","""Run git push origin <branch-name> to upload changes."""
git_push,"""What is a push command?""","""git push uploads your local commits to a remote repository."""
git_push,"""How do I push changes to GitHub?""","""Run git push origin <branch-name> to upload changes."""
git_push,"""What is a push command?""","""git push uploads your local commits to a remote repository."""
git_push,"""What happens if I push to the wrong branch?""","""You can reset or delete the push and re-upload it to the correct branch."""
git_push,"""What if I push to the wrong branch?""","""You can reset or delete the push and re-upload it to the correct branch."""
branch_management,"""How do I create a new branch?""","""Use git branch <branch-name>."""
branch_management,"""How do I switch branches?""","""Use git checkout <branch-name> or git switch."""
branch_management,"""How do I delete a branch?""","""Use git branch -d <branch-name> to delete."""
branch_management,"""Can I rename a branch?""","""Yes, use git branch -m <new-name>."""
branch_management,"""How do I merge branches?""","""Switch to the target branch and run git merge <source-branch>."""
branch_management,"""What is a branch?""","""A branch is an independent line of development."""
branch_management,"""How do I list all branches?""","""Run git branch -a to see all branches."""
branch_management,"""Can I have multiple branches?""","""Yes, you can create as many branches as needed."""
branch_management,"""How do I handle branch conflicts?""","""Use git merge carefully and resolve conflicts manually."""
branch_management,"""Can I switch branches?""","""Yes, use: git checkout <branch-name> to switch."""
branch_management,"""What is a branch?""","""A branch allows you to work on different features independently."""
branch_management,"""How do I publish a branch?""","""Push the branch using git push origin <branch>."""
commit_changes,"""How do I commit my changes?""","""Use git commit -m 'your message' to save your changes."""
commit_changes,"""What does 'git commit' do?""","""git commit saves your staged changes in the local repo."""
commit_changes,"""Can I commit multiple files?""","""Yes, stage them all with git add . before committing."""
commit_changes,"""What is a commit message?""","""It describes the changes you've made for tracking purposes."""
commit_changes,"""How do I write a good commit message?""","""Be concise. Example: git commit -m 'Fixed login issue'."""
commit_changes,"""What happens after I commit?""","""Your changes are saved locally until you push them."""
commit_changes,"""Can I change a commit message?""","""Yes, use git commit --amend to modify the last commit."""
commit_changes,"""What is the difference between commit and push?""","""git commit saves locally, git push uploads remotely."""
commit_changes,"""How do I view my commits?""","""Use git log to see your commit history."""
commit_changes,"""Can I commit without staging?""","""Yes, with git commit -a -m 'message', but it stages only tracked files."""
commit_changes,"""How do I undo a commit?""","""Use git reset --soft HEAD~1 to undo the last commit."""
commit_changes,"""What is a staged commit?""","""Files prepared for a commit using git add are staged."""
commit_changes,"""How do I commit directly to a branch?""","""Just switch to the branch and commit normally."""
commit_changes,"""Can I skip the commit message?""","""No, a message is required for each commit."""
commit_changes,"""What happens if I forget to commit?""","""Your changes stay unstaged or uncommitted locally."""
commit_changes,"""How do I see the details of a specific commit?""","""Use git show <commit-hash> to view the details."""
commit_changes,"""Can I commit empty changes?""","""Yes, use git commit --allow-empty."""
commit_changes,"""How often should I commit?""","""Commit whenever you've made meaningful changes."""
commit_changes,"""Can I combine multiple commits?""","""Yes, you can squash them during a rebase."""
commit_changes,"""What does it mean to commit?""","""A commit saves your changes to the repository‚Äôs history."""
commit_changes,"""How do I write a commit message?""","""Write a brief description of what the commit does, e.g., git commit -m 'Fix login bug'."""
commit_changes,"""Can I undo a commit?""","""Use git reset or git revert to undo changes."""
repo_delete,"""How do I delete a repository?""","""Go to the repository settings and click 'Delete this repository'."""
repo_delete,"""What happens when I delete a repo?""","""The repository and all its data will be permanently removed."""
repo_delete,"""Can I recover a deleted repo?""","""No, once deleted, a repository cannot be recovered."""
repo_delete,"""How do I delete a repository?""","""Go to the repo's settings, scroll down, and click Delete."""
repo_delete,"""Can I recover a deleted repository?""","""No, once deleted, it cannot be recovered."""
repo_delete,"""What happens if I delete a repo?""","""The entire repository, including code and issues, is removed."""
repo_delete,"""How do I delete a forked repo?""","""You can delete it the same way via the repo settings."""
repo_delete,"""Can collaborators delete my repo?""","""No, only the owner or admins can delete a repository."""
repo_delete,"""What do I need to type to confirm deletion?""","""You‚Äôll need to type the repository name to confirm."""
repo_delete,"""Can I delete a private repo?""","""Yes, the process is the same as for public repositories."""
repo_delete,"""How do I delete a branch after deleting a repo?""","""Branches are deleted along with the repository."""
repo_delete,"""Do I need permission to delete a repo?""","""Only the owner or admin can delete it."""
repo_delete,"""Can I delete my repo from the GitHub app?""","""No, you need to do it from the web interface."""
repo_delete,"""Is deleting a repo reversible?""","""No, the deletion is permanent."""
repo_delete,"""Can I back up a repo before deleting it?""","""Yes, download it as a ZIP or clone it locally."""
repo_delete,"""What happens to issues when I delete a repo?""","""All issues are deleted along with the repository."""
repo_delete,"""How do I delete multiple repositories?""","""You‚Äôll need to delete them one by one."""
repo_delete,"""Can I delete someone else's repo?""","""No, only the owner or admin has that privilege."""
repo_delete,"""Will deleting a repo affect forks?""","""No, forks remain intact even if the original is deleted."""
repo_delete,"""What are the consequences of deleting a repo?""","""You lose all files, commits, issues, and settings."""
repo_delete,"""Can I archive instead of delete?""","""Yes, archiving preserves the repo but makes it read-only."""
repo_delete,"""How do I confirm if a repo was deleted?""","""Check your account or try to access the repo URL."""
repo_delete,"""What happens to collaborators after deletion?""","""They lose access as the repository no longer exists."""
clone_repo,"""Can you guide me to clone a repository?""","""Run git clone <repo-url> to copy the repo locally."""
clone_repo,"""What happens when I clone a repo?""","""You create a local copy of the repository on your computer."""
clone_repo,"""Can I clone a private repo?""","""Yes, but you need permission from the repository owner."""
clone_repo,"""How do I clone a repository?""","""Use git clone <repo-url> to copy the repository locally."""
clone_repo,"""What is the purpose of cloning a repo?""","""Cloning downloads the entire repository to your machine."""
clone_repo,"""How do I clone a private repo?""","""You need access permission, then use git clone <repo-url>."""
clone_repo,"""Can I clone a repo via SSH?""","""Yes, use the SSH link: git clone git@github.com:user/repo.git."""
clone_repo,"""How do I clone to a specific directory?""","""Use git clone <repo-url> <directory-name>."""
clone_repo,"""What happens if I clone the same repo twice?""","""You'll have duplicate copies unless you rename the folder."""
clone_repo,"""Can I clone just a branch?""","""Use git clone -b <branch-name> <repo-url>."""
clone_repo,"""How do I clone a forked repository?""","""It's the same process: git clone <fork-url>."""
clone_repo,"""What is the difference between clone and fork?""","""Forking copies a repo to your account, while cloning copies it to your machine."""
clone_repo,"""Can I clone without a GitHub account?""","""Yes, for public repositories. Private ones require access."""
clone_repo,"""How do I update a cloned repository?""","""Use git pull to sync your local copy with the remote."""
clone_repo,"""Can I clone a repository using HTTPS?""","""Yes, use the HTTPS URL: git clone https://github.com/user/repo.git."""
clone_repo,"""What if cloning fails?""","""Check your internet connection or authentication settings."""
clone_repo,"""Can I clone from GitHub Desktop?""","""Yes, select 'Clone Repository' in the GitHub Desktop app."""
clone_repo,"""How do I re-clone a repository?""","""Delete the folder and run the git clone command again."""
clone_repo,"""What is shallow cloning?""","""Use --depth 1 to clone only the latest commits."""
clone_repo,"""How do I clone an archived repository?""","""Archived repos can still be cloned using git clone."""
clone_repo,"""Can I clone multiple repositories at once?""","""You‚Äôll need to run git clone for each repository separately."""
clone_repo,"""What do I do after cloning?""","""Navigate to the folder and use Git commands like git pull or git commit."""
clone_repo,"""Can I clone on mobile?""","""You can use Git clients like Termux on Android or Working Copy on iOS."""
git_pull,"""What does git pull do?""","""git pull fetches and merges changes from the remote repository."""
git_pull,"""How do I pull the latest changes?""","""Run git pull origin main to get the latest updates."""
git_pull,"""Can I pull from a specific branch?""","""Yes, use git pull origin <branch-name>."""
git_pull,"""How do I pull the latest changes?""","""Use git pull origin <branch> to fetch and merge changes."""
git_pull,"""What does 'git pull' do?""","""git pull downloads and merges changes from the remote repository."""
git_pull,"""Can I pull without merging?""","""No, git pull always fetches and merges. Use git fetch to avoid merging."""
git_pull,"""How do I pull from a specific branch?""","""Run git pull origin <branch-name>."""
git_pull,"""What happens if I pull with conflicts?""","""Git will ask you to resolve the conflicts manually."""
git_pull,"""What is the difference between pull and fetch?""","""git fetch only downloads changes; git pull also merges them."""
git_pull,"""How do I pull from multiple branches?""","""You need to switch branches and pull one by one."""
git_pull,"""Can I automate 'git pull'?""","""Yes, you can use cron jobs or scripts for automation."""
git_pull,"""How do I force pull changes?""","""Use git fetch --all followed by git reset --hard origin/<branch>."""
git_pull,"""How do I pull changes from a fork?""","""Add the original repo as a remote and pull with git pull <remote> <branch>."""
git_pull,"""What happens if I don't pull before pushing?""","""You might face conflicts if your local copy is outdated."""
git_pull,"""Can I pull only specific files?""","""No, git pull works at the branch level, not file level."""
git_pull,"""How do I pull changes in GitHub Desktop?""","""Click 'Fetch origin' followed by 'Pull' in GitHub Desktop."""
git_pull,"""How do I pull with rebase?""","""Use git pull --rebase to avoid merge commits."""
git_pull,"""Can I cancel a pull in progress?""","""Yes, you can interrupt it by pressing Ctrl+C."""
git_pull,"""How do I resolve conflicts after pulling?""","""Edit the conflicting files and commit the changes."""
git_pull,"""What does 'Already up to date' mean?""","""It means your local branch is synchronized with the remote branch."""
git_pull,"""How do I pull changes for all branches?""","""You need to switch and pull each branch individually."""
git_pull,"""Can I undo a git pull?""","""Use git reset --hard HEAD@{1} to revert to the previous state."""
git_pull,"""What is a shallow pull?""","""You can‚Äôt shallow pull, but you can use shallow clones with --depth."""
git_pull,"""How often should I pull?""","""Pull regularly to keep your local repository up to date."""
git_pull,"""Can I pull into a detached HEAD state?""","""Yes, but your changes won‚Äôt be associated with a branch unless you switch."""
git_pull,"""What happens if I pull an empty repo?""","""Git will pull but there won‚Äôt be any changes to fetch."""
git_pull,"""Can I pull without authentication?""","""For private repos, you‚Äôll need authentication. Public repos may not require it."""
thanks,"""Thanks!""","""You're welcome!"""
thanks,"""Thank you so much!""","""Glad I could help!"""
thanks,"""Thanks a lot.""","""No problem!"""
thanks,"""Appreciate it.""","""Anytime!"""
thanks,"""Much appreciated.""","""You're very welcome!"""
thanks,"""Thanks, that was helpful!""","""I'm happy to help!"""
thanks,"""Thanks a ton!""","""No worries!"""
thanks,"""Thanks for your help.""","""You're welcome! Feel free to ask more."""
thanks,"""Thanks for the quick response.""","""My pleasure!"""
thanks,"""Cheers!""","""Cheers!"""
thanks,"""Thanks again.""","""No problem at all!"""
thanks,"""Many thanks!""","""You're welcome!"""
thanks,"""I appreciate your help.""","""Glad I could assist!"""
thanks,"""Thanks! You're awesome!""","""Haha, thanks! You're awesome too!"""
thanks,"""Thank you kindly.""","""You're welcome!"""
thanks,"""Thanks for explaining.""","""Happy to help anytime!"""
thanks,"""Big thanks!""","""Glad I could assist!"""
thanks,"""Thanks for being so fast!""","""Always here to help!"""
thanks,"""Thank you very much!""","""Anytime!"""
thanks,"""Thanks a million!""","""You're welcome!"""
goodbye,"""Goodbye!""","""Goodbye! Take care!"""
goodbye,"""See you later!""","""See you later! Have a great day!"""
goodbye,"""Bye!""","""Bye! Catch you next time!"""
goodbye,"""Talk to you soon.""","""Sure! Talk soon!"""
goodbye,"""Take care!""","""You too! See you later!"""
goodbye,"""Peace out.""","""Peace! ‚úåÔ∏è"""
goodbye,"""Later!""","""Later! Stay awesome!"""
goodbye,"""I'm out, thanks.""","""See you around! Have a good one!"""
goodbye,"""Bye for now.""","""Bye for now! Come back anytime!"""
goodbye,"""Catch you later!""","""Catch you later! üëã"""
goodbye,"""See you next time.""","""Looking forward to it!"""
goodbye,"""Time to go, bye!""","""Goodbye! Stay safe!"""
goodbye,"""Alright, I‚Äôm done. Bye!""","""Bye! Have a productive day!"""
goodbye,"""Logging off now. Bye!""","""Goodbye! Until next time!"""
goodbye,"""I'm signing out, later!""","""Later! Don't hesitate to ask me again."""
goodbye,"""Bye-bye!""","""Bye-bye! üëã"""
goodbye,"""I‚Äôll talk to you tomorrow.""","""Sure thing! Take care!"""
goodbye,"""I‚Äôm done here. Bye!""","""See you next time!"""
goodbye,"""Alright, catch you later!""","""Take care! Goodbye!"""
goodbye,"""That‚Äôs it from me. Bye!""","""Goodbye! Come back anytime."""
repo_collaboration,"""How do I add collaborators?""","""Go to the repository settings, click Collaborators, and invite users."""
repo_collaboration,"""Can I remove a collaborator?""","""Yes, you can remove collaborators from the same settings page."""
repo_collaboration,"""What permissions can I give collaborators?""","""You can set read, write, or admin access."""
repo_collaboration,"""How can I collaborate on a repo?""","""To collaborate on a repo, you can fork it, clone it, and create a pull request when you're ready."""
repo_collaboration,"""Can I work with others on GitHub?""","""Yes! You can collaborate with others by inviting them as collaborators on your repository."""
repo_collaboration,"""What is a pull request?""","""A pull request is a way to propose changes to a repository. It allows others to review your changes before merging them."""
repo_collaboration,"""How do I invite someone to my repo?""","""To invite someone, go to your repository settings, navigate to the 'Manage access' section, and invite collaborators."""
repo_collaboration,"""What is forking a repository?""","""Forking a repository creates a personal copy of someone else's repository, allowing you to make changes without affecting the original."""
repo_collaboration,"""Can I see changes made by others?""","""Yes, you can view the commit history and changes made by collaborators in the 'Commits' section of your repository."""
repo_collaboration,"""How do I merge changes from a pull request?""","""To merge changes from a pull request, review the changes, and if everything looks good, click the 'Merge pull request' button."""
repo_collaboration,"""What are issues in GitHub?""","""Issues are used to track bugs, enhancements, or tasks in your project. You can create and assign them to collaborators."""
repo_collaboration,"""How do I resolve conflicts?""","""To resolve conflicts, you'll need to manually edit the conflicting files and commit the changes before merging."""
repo_collaboration,"""Can I use GitHub Projects for collaboration?""","""Absolutely! GitHub Projects helps you organize and prioritize your work within a repository."""
merge_conflict,"""What is a merge conflict?""","""A merge conflict happens when changes overlap and Git doesn't know which to keep."""
merge_conflict,"""How do I resolve a merge conflict?""","""Open the file, fix the conflicts, and commit the changes."""
merge_conflict,"""Can I avoid merge conflicts?""","""Keep branches updated by frequently pulling changes from the main branch."""
merge_conflict,"""What is a merge conflict?""","""A merge conflict occurs when changes from different branches overlap and Git can't automatically resolve them."""
merge_conflict,"""How do I fix a merge conflict?""","""To fix a merge conflict, you'll need to manually resolve the conflicting files and then commit the changes."""
merge_conflict,"""Why am I getting merge conflicts?""","""Merge conflicts typically arise when two branches have made changes to the same line of code."""
merge_conflict,"""Can you explain merge conflicts?""","""Sure! Merge conflicts happen when Git can't automatically combine changes from different branches."""
merge_conflict,"""How can I avoid merge conflicts?""","""You can avoid merge conflicts by frequently pulling changes from the main branch and communicating with your team."""
merge_conflict,"""What do I do if I encounter a conflict?""","""If you encounter a conflict, review the changes, edit the conflicting files, and then commit your resolutions."""
merge_conflict,"""What tools help with merge conflicts?""","""You can use visual merge tools like KDiff3 or the built-in merge conflict resolution in IDEs."""
merge_conflict,"""Is there a way to see what caused a conflict?""","""Yes, you can review the commit history to understand the changes that led to the conflict."""
merge_conflict,"""How do I merge branches without conflicts?""","""To merge branches without conflicts, ensure that your branches are up-to-date and communicate with your collaborators."""
merge_conflict,"""Can I prevent merge conflicts completely?""","""While you can't completely prevent them, good communication and regular updates can minimize them."""
actions_workflows,"""What are GitHub Actions?""","""GitHub Actions allow you to automate workflows directly from your repository."""
actions_workflows,"""How do I create a workflow in GitHub?""","""You can create a workflow by adding a YAML file in the .github/workflows directory."""
actions_workflows,"""What can I automate with GitHub Actions?""","""You can automate testing, deployment, and other tasks with GitHub Actions."""
actions_workflows,"""Can I schedule a workflow?""","""Yes, you can schedule workflows using cron syntax in your workflow YAML file."""
actions_workflows,"""How do I trigger a GitHub Action?""","""You can trigger GitHub Actions with events like push, pull request, or on a schedule."""
actions_workflows,"""What are workflow runs?""","""Workflow runs are instances of a workflow execution triggered by an event."""
actions_workflows,"""Can I use actions from the marketplace?""","""Yes, you can use pre-built actions from the GitHub Marketplace in your workflows."""
actions_workflows,"""How do I debug a workflow?""","""You can debug workflows by reviewing logs in the Actions tab of your repository."""
actions_workflows,"""What are environment variables in workflows?""","""Environment variables can be used in workflows to manage configuration and secrets."""
actions_workflows,"""Can I create reusable workflows?""","""Absolutely! You can create reusable workflows by defining them in separate YAML files and calling them in other workflows."""
actions_workflows,"""What are GitHub Actions?""","""GitHub Actions help automate workflows such as building and deploying code."""
actions_workflows,"""How do I set up a workflow?""","""Go to the Actions tab, choose a template, and customize it."""
actions_workflows,"""Can I trigger workflows manually?""","""Yes, some workflows can be started manually from the Actions tab."""
actions_workflows,"""What are GitHub Actions?""","""GitHub Actions help automate workflows such as building and deploying code."""
actions_workflows,"""How do I set up a workflow?""","""Go to the Actions tab, choose a template, and customize it."""
actions_workflows,"""Can I trigger workflows manually?""","""Yes, some workflows can be started manually from the Actions tab."""
settings_changes,"""How do I change repository settings?""","""You can change repository settings by navigating to the 'Settings' tab of your repository."""
settings_changes,"""What settings can I configure?""","""You can configure options like visibility, collaborators, branches, and integrations."""
settings_changes,"""Can I change the default branch?""","""Yes, you can change the default branch in the repository settings under 'Branches'."""
settings_changes,"""How do I manage collaborators?""","""You can manage collaborators in the 'Manage access' section of your repository settings."""
settings_changes,"""What are repository webhooks?""","""Webhooks allow you to send real-time notifications to other services when certain events occur in your repository."""
settings_changes,"""How do I enable GitHub Pages?""","""You can enable GitHub Pages in the settings under the 'Pages' section, where you can select the source branch."""
settings_changes,"""Can I restrict access to my repo?""","""Yes, you can set the repository to private to restrict access to selected collaborators."""
settings_changes,"""What are branch protection rules?""","""Branch protection rules help enforce workflows and policies for specific branches."""
settings_changes,"""How do I change repository visibility?""","""You can change the visibility from public to private in the repository settings."""
settings_changes,"""Can I configure issue templates?""","""Yes, you can create issue templates by adding markdown files in the .github/ISSUE_TEMPLATE directory."""
repo_visibility,"""How do I change the visibility of my repo?""","""You can change the visibility in the repository settings under 'Danger Zone'."""
repo_visibility,"""What are public and private repositories?""","""Public repositories are visible to everyone, while private ones are restricted to selected collaborators."""
repo_visibility,"""Can I make a private repo public later?""","""Yes, you can change a private repository to public, but be cautious about sensitive data."""
repo_visibility,"""What does making a repo public mean?""","""Making a repo public means anyone can view and clone your repository."""
repo_visibility,"""Are there limits on private repositories?""","""GitHub's free plan offers unlimited private repositories with some limitations on features."""
repo_visibility,"""How do I ensure my repo stays private?""","""Make sure to set the repository to private when creating it and manage access carefully."""
repo_visibility,"""What happens when I change visibility?""","""Changing visibility affects who can see and access your repository."""
repo_visibility,"""How do I make my repository private?""","""In the repo settings, change the visibility to private."""
repo_visibility,"""Can I make a private repo public?""","""Yes, you can change the visibility from private to public in the settings."""
repo_visibility,"""Can collaborators access a private repo?""","""Yes, collaborators you invite can access a private repository."""
repo_visibility,"""What are the benefits of a public repo?""","""Public repositories can enhance collaboration and visibility for open-source projects."""
repo_visibility,"""Can I invite others to a public repo?""","""Yes, anyone can clone a public repository, but only invited collaborators can push changes."""
issue_labels,"""How do I create issue labels?""","""You can create issue labels in the 'Labels' section of the Issues tab."""
issue_labels,"""What are labels used for?""","""Labels help categorize and organize issues for better tracking and management."""
issue_labels,"""Can I customize issue labels?""","""Yes, you can create custom labels with different colors and names."""
issue_labels,"""How do I assign labels to an issue?""","""You can assign labels to an issue when creating it or by editing the issue later."""
issue_labels,"""What‚Äôs the difference between labels and milestones?""","""Labels categorize issues, while milestones group related issues into a specific goal or deadline."""
issue_labels,"""Can I filter issues by label?""","""Yes, you can filter issues by labels in the Issues tab for better organization."""
issue_labels,"""How many labels can I create?""","""There‚Äôs no strict limit on the number of labels you can create in a repository."""
issue_labels,"""Can I delete an existing label?""","""Yes, you can delete labels from the 'Labels' section in the Issues tab."""
issue_labels,"""What is a priority label?""","""A priority label can indicate the urgency or importance of an issue."""
issue_labels,"""How can I use labels for project management?""","""You can use labels to track progress, identify blockers, and assign responsibilities."""
issue_labels,"""How do I label an issue?""","""When creating or editing an issue, you can add labels to categorize it."""
milestones,"""What are milestones?""","""Milestones help track progress towards a goal by grouping issues."""
milestones,"""How do I create a milestone?""","""Go to the Issues tab, click Milestones, and create a new one."""
notifications,"""How do I manage notifications?""","""In GitHub settings, adjust your notification preferences."""
git_ignore,"""What is .gitignore?""",""".gitignore tells Git which files or folders to ignore."""
git_ignore,"""How do I use a .gitignore file?""","""Create a .gitignore file in the repo and list the files you want Git to ignore."""